-73.098,41.651,Black Rock State Park,SP,860.283.8088,NH DP RS ,CT,Thomaston
-72.342,41.484,Devils Hopyard State Park,SP,860.526.2336,NH RS ,CT,East Haddam
-72.556,41.265,Hammonasset State Park,SP,203.245.1817,E DP DW SH RS ,CT,Madison
-71.926,41.602,Hopeville Pond State Park,SP,860.376.2920,E DP RS ,CT,Griswold
-73.377,41.823,Housatonic Meadows State Park,SP,860.672.6772,NH DP DW SH RS ,CT,Sharon
-73.205,41.421,Kettletown State Park,SP,203.264.5169,E DP RS ,CT,Southbury
-73.384,41.709,Lake Waramaug State Park,SP,860.868.0220,NH DP RS ,CT,Kent
-73.494,41.777,Macedonia Brook State Park,SP,860.927.3238,NH RS ,CT,Kent
-71.985,41.859,Mashamoquet Brook State Park,SP,860.928.6121,NH DP RS ,CT,Pomfret Center
-72.243,41.31,Rocky Neck State Park,SP,860.739.5471,NH DP DW SH RS ,CT,Niantic
-72.093,41.651,Salt Rock State Park,SP,860.822.0884,WES DP FT DW SH RS PA ,CT,Baltic
-71.971,41.852,Wolf Den - Mashamoquet Brook State Park,SP,860.928.6121,RS ,CT,Pomfret Center
-75.117,38.78,Cape Henlopen State Park,SP,302.645.8983,NH DP DW SH RS PA ,DE,Lewes
-75.066,38.606,Delaware Seashore State Park,SP,302.539.7202,WES DP DW SH RS PA ,DE,Rehoboth Beach
-75.534,38.979,Killens Pond State Park,SP,302.284.3412,WE DP DW SH RS PA ,DE,Felton
-75.718,39.548,Lums Pond State Park,SP,302.368.6989,NH DP DW SH RS ,DE,Kirkwood
-75.476,38.53,Trap Pond State Park,SP,302.875.2392,E DP DW SH RS PA ,DE,Laurel
-73.076,42.734,Clarksburg State Park,SP,413.664.8345,NH DP DW SH RS PA ,MA,Clarksburg
-72.083,42.648,Lake Dennison State Park,SP,978.939.8962,E DP DW SH RS PA L$ ,MA,Winchendon
-70.985,41.87,Massasoit State Park,SP,508.822.7405,E DP DW SH RS PA ,MA,East Taunton
-71.758,42.655,Pearl Hill State Park,SP,978.597.8802,NH 35ft RS PA ,MA,West Townsend
-70.506,41.778,Scusset Beach State Park,SP,508.888.0859,E DP 40ft DW SH RS PA ,MA,Sandwich
-70.846,42.2,Wompatuck State Park,SP,781.749.7160,E DP DW SH RS PA ,MA,Hingham
-75.144,38.229,Assateague State Park,SP,410.641.2120,E DP DW SH RS PA ,MD,
-75.162,38.208,Bayside - Assateague National Seashore,NP,410.641.3030,NH RS PA ,MD,Berlin
-79.14,39.545,Big Run State Park,SP,301.895.5453,NH ND DW NS RS PA ,MD,Grantsville
-79.31,39.516,Deep Creek Lake State Park,SP,301.387.4111,E DP DW SH RS PA ,MD,Swanton
-75.985,39.48,Elk Neck State Park,SP,410.287.5333,WES RS PA ,MD,North East
-78.385,39.625,Fifteen Mile Creek - C and O Canal National Park,NP,301.739.4200,NH ND 20ft NS NR L$ ,MD,Pratt
-78.008,39.604,Fort Frederick State Park,SP,301.842.2155,NH ND RS L$ ,MD,Big Pool
-77.492,39.459,Gambrill State Park,SP,301.271.7574,E DP DW SH RS PA ,MD,Frederick
-76.895,38.996,Greenbelt Park,NP,301.344.3948,NH DP DW SH RS PA ,MD,Greenbelt
-77.617,39.536,Greenbrier State Park,SP,301.791.4767,E DP DW SH RS PA ,MD,Boonsboro
-76.745,39.244,Hilton - Patapsco Valley State Park,SP,410.461.5005,E ND DW SH RS PA ,MD,Catonsville
-76.787,39.295,Hollofield - Patapsco Valley State Park,SP,410.461.5005,E DP DW SH RS PA ,MD,Ellicott City
-77.466,39.619,Houck Area - Cunningham Falls State Park,SP,301.271.7574,E DP DW SH RS PA ,MD,Thurmont
-75.847,38.011,Janes Island State Park,SP,410.968.1565,E DP SH RS PA ,MD,Crisfield
-77.436,39.582,Manor Area - Cunningham Falls State Park,SP,301.271.7574,E SH RS PA ,MD,Thurmont
-75.837,38.865,Martinak State Park,SP,410.820.1668,E DP DW SH RS PA ,MD,Denton
-77.969,39.608,McCoys Ferry - C and O Canal National Park,NP,301.739.4200,NH ND 20ft DW NS NR L$ ,MD,Williamsport
-75.491,38.128,Milburn Landing - Pocomoke State Park,SP,410.632.2566,RS ,MD,Pocomoke City
-79.129,39.631,New Germany State Park,SP,301.895.5453,NH DP DW SH RS PA ,MD,Grantsville
-75.156,38.198,Oceanside - Assateague National Seashore,NP,410.641.3030,NH RS PA ,MD,Berlin
-77.488,39.653,Owens Creek - Catoctin Mountain National Park,NP,301.663.9388,NH 22ft SH NR ,MD,Sabillasville
-76.331,38.063,Point Lookout State Park,SP,301.872.5688,E DP DW SH RS ,MD,Scotland
-78.651,39.696,Rocky Gap State Park,SP,301.722.1480,E DP DW SH RS PA ,MD,Flintstone
-79.148,39.619,Savage River State Forest,SP,301.895.5759,NH ND NW NS NR ,MD,Grantsville
-75.439,38.134,Shad  Landing - Pocomoke State Park,SP,410.632.2566,E DP SH RS ,MD,Snow Hill
-77.181,38.554,Smallwood State Park,SP,301. 743.7613,E DP DW SH RS PA ,MD,Marbury
-78.718,39.564,Spring Gap - C and O Canal National Park,NP,301.739.4200,NH ND 20ft DW NS NR L$ ,MD,Cumberland
-76.165,39.612,Susquehanna State Park,SP,410.734.9035,E DW SH RS PA ,MD,Havre de Grace
-79.422,39.499,Swallow Falls State Park,SP,301.387.6938,E ND DW SH RS PA ,MD,Oakland
-75.932,38.981,Tuckahoe State Park,SP,410.820.1668,E DP DW SH RS PA ,MD,Queen Anne
-68.962,45.874,Abol - Baxter State Park,SP,207. 723.5140,NH ND VT NS RS ,ME,Millinocket
-68.003,46.61,Aroostook State Park,SP,207.768.8341,NH RS ,ME,Presque Isle
-71.022,44.268,Basin,NF,603.528.8721/603.528.8721,NR ,ME,Gilead
-68.214,44.313,Blackwoods - Acadia National Park,NP,207.288.3338,NH DP 35ft DW NS RS PA ,ME,Bar Harbor
-70.179,43.9,Bradbury Mountain State Park,SP,207.688.4712,NH VT DW SH RS ,ME,Pownal
-69.047,44.23,Camden Hills State Park,SP,207.236.3109,E DP DW SH RS ,ME,Camden
-67.153,44.854,Cobscook Bay State Park,SP,207.726.4412,NH DP DW SH RS ,ME,Dennysville
-71.013,44.265,Cold River,NF,603.528.8721/603.528.8721,NH NR ,ME,Fryeburg
-70.824,44.31,Crocker Pond,NF,603.466.2713/603.528.8721,NH ND NS NR ,ME,Bethel
-70.984,44.352,Hastings,NF,603.466.2713/603.528.8721,NH ND VT NS RS ,ME,Gilead
-69.997,45.887,Katahdin Stream - Baxter State Park,SP, ,VT RS ,ME,Seboomook Lake
-69.348,44.398,Lake St. George State Park,SP,207.589.4255,NH DP 35ft DW SH RS ,ME,Liberty
-68.298,44.456,Lamoine State Park,SP,207.667.4778,NH 40ft FT DW RS ,ME,Trenton
-69.542,45.569,Lily Bay State Park,SP,207.695.2700,NH DP RS ,ME,Greenville
-70.448,44.681,Mount Blue State Park,SP,207.585.2347,RS ,ME,Weld
-69.078,45.976,Nesowadnehunk Field - Baxter State Park,SP,207.723.5140,NH ND VT NS RS ,ME,Millinocket
-69.289,45.26,Peaks - Kenny State Park,SP,207.564.2003,NH SH RS ,ME,Dover-Foxcroft
-70.72,44.939,Rangeley Lake State Park,SP,207.864.3858,NH DW SH RS ,ME,Rangeley
-68.859,45.92,Roaring Brook - Baxter State Park,SP,207.723.5140,NH ND VT NS RS ,ME,Millinocket
-68.306,44.241,Seawall - Acadia National Park,NP,207.244.3600,NH DP 35ft DW NS RS PA ,ME,Southwest Harb
-70.546,43.942,Sebago Lake State Park,SP,207.693.6613,40ft RS ,ME,Casco
-68.9,46.109,South Branch Pond - Baxter State Park,SP,207.723.5140,NH ND VT NS RS ,ME,Millinocket
-68.854,46.167,Trout Brook Farm - Baxter State Park,SP,207.723.5140,VT RS ,ME,Millinocket
-71.063,44.306,Wild River,NF, ,NH VT NR ,ME,Gilead
-71.021,44.269,Basin,NF,603.536.1315/603.528.8721,NH ND NS NR ,NH,Gilead
-71.331,43.115,Bear Brook State Park,SP,603.485.9869,NH DP DW SH RS PA ,NH,Allenstown
-71.561,44.049,Big Rock,NF,/603.528.8721,NH ND VT NS NR ,NH,Lincoln
-71.245,44.007,Blackberry Crossing,NF,603.536.1315/603.528.8721,NH ND VT NS NR ,NH,Conway
-71.63,43.871,Campton,NF,/603.528.8721,NH 50ft DW SH RS ,NH,Campton
-71.696,44.177,Cannon Mountain RV Park,SP,603.823.8800,E DP SH RS ,NH,Franconia
-71.013,44.265,Cold River,NF,603.536.1315/603.528.8721,NH RS ,NH,North Chatham
-71.328,44.944,Coleman State Park,SP,603.271.3628,NH DP DW SH RS PA ,NH,Stewartstown
-71.232,44.003,Covered Bridge,NF,603.536.1315/603.528.8721,NH RS ,NH,Conway
-71.219,44.333,Dolly Copp,NF,603.466.2713/603.528.8721,NH RS ,NH,Gorham
-71.4,44.178,Dry River - Crawford Notch State Park,SP,603.374.2272,NH RS PA ,NH,Harts Location
-71.355,43.574,Ellacoya State Beach and RV Park,SP,603.293.7821,WES DP FT DW SH RS ,NH,Gilford
-71.887,42.958,Greenfield State Park,SP,603.547.3497,NH DP DW SH RS PA ,NH,Greenfield
-70.816,42.899,Hampton Beach State Park,SP,603.926.3784,WES DP RS ,NH,Hampton
-71.594,44.064,Hancock,NF,/603.528.8721,NH ND NS NR ,NH,Lincoln
-71.556,44.25,Haystack Road,NF,/603.528.8721,NR ,NH,Twin Mountain
-71.334,43.998,Jigger Johnson,NF,603.536.1315/603.528.8721,NH ND DW SH NR ,NH,Conway
-71.685,44.139,Lafayette - Franconia Notch State Park,SP,603.823.9513,NH DP 30ft SH RS ,NH,Franconia Notch
-71.302,45.06,Lake Francis State Park,SP,603.538.6965,E DP RS PA ,NH,Pittsburg
-71.224,44.572,Milan Hill State Park,SP,603.466.3860,NH ND PT NW NS RS PA ,NH,Milan
-71.144,44.738,Mollidgewock State Park,SP,603.482.3373,NH ND SH RS PA ,NH,Errol
-72.074,42.844,Monadnock State Park,SP,603.532.8862,NH RS ,NH,Jaffrey
-71.231,44.4,Moose Brook State Park,SP,603.466.3860,NH RS PA ,NH,Gorham
-72.063,43.321,Mount Sunapee,SP,603.763.5561,NH ND VT DW NS RS PA ,NH,Newbury
-71.371,43.998,Passaconaway,NF,603.536.1315/603.528.8721,NH ND VT NS NR ,NH,Conway
-71.173,43.08,Pawtuckaway State Park,SP,603.895.3031,NH 35ft DW SH RS ,NH,Nottingham
-72.116,43.234,Pillsbury State Park,SP,603.863.2860,NH 35ft RS PA ,NH,Washington
-71.649,44.009,Russell Pond,NF,/603.528.8721,NH ND DW SH NR ,NH,Lincoln
-71.505,44.26,Sugarloaf 1,NF,/603.528.8721,NH ND VT NS RS PA ,NH,Twin Mountain
-71.504,44.258,Sugarloaf 2,NF,/603.528.8721,NH ND NS RS PA ,NH,Twin Mountain
-71.636,43.995,Tripoli Rd,NF,/603.528.8721,NH ND NW NS NR ,NH,Campton
-71.05,44.704,Umbagog Lake,SP,603.482.7795,E DP FT DW SH RS PA ,NH,Cambridge
-71.509,43.942,Waterville,NF,/603.528.8721,NH ND VT NS RS ,NH,Waterville Valley
-71.225,43.845,White Lake State Park,SP,603.323.7350,NH DP DW SH RS ,NH,Tamworth
-71.214,43.954,White Ledge,NF,603.536.1315/603.528.8721,NH ND VT NS RS ,NH,Conway
-71.065,44.305,Wild River,NF,603.466.2713/603.528.8721,NH ND VT NS NR ,NH,Gilead
-71.794,44.075,Wildwood,NF,/603.528.8721,NH ND VT NS NR ,NH,North Woodstock
-71.501,44.265,Zealand,NF,/603.528.8721,NH ND VT NS NR ,NH,Twin Mountain
-74.131,40.162,Allaire State Park,SP,732.938.2371,NH DP 40ft FT DW SH RS ,NJ,Farmingdale
-75.038,40.41,Bulls Island State Park,SP,609.397.2949,NH SH RS ,NJ,Stockton
-74.266,40.446,Cheesequake State Park,SP,732.566.2161,NH DP DW SH RS ,NJ,South Amboy
-74.689,41.291,High Point State Park - Sawmill Area,SP,973.875.4800,NH ND FT DW NS RS ,NJ,Sussex
-75.139,39.509,Parvin State Park,SP,856.358.8616,NH DP DW SH RS ,NJ,Pittsgrove Twp.
-73.991,40.45,Sandy Hook - Gateway National Rec Area,NP,718.354.4655,NH ND FT DW NS RS ,NJ,Highlands
-74.939,40.663,Spruce Run Recreation Area,SP,908.638.8572,NH 35ft RS ,NJ,Clinton
-74.81,40.872,Stephens State Park,SP,908.852.3790,NH 40ft RS ,NJ,Hackettstown
-74.82,41.076,Swartswood State Park,SP,973.383.5230,NH DP DW SH RS ,NJ,Newton
-74.887,40.696,Voorhees State Park,SP,908.638.6969,NH DP DW SH RS ,NJ,Glen Gardner
-76.807,42.485,Backbone Horse Camp,NF,607.546.4470,NH ND VT NW NS NR N$ ,NY,Burdett
-74.07,41.229,Beaver Pond - Harriman State Park,SP,845.947.2792,NH DP 35ft DW SH RS ,NY,Stony Point
-76.799,42.484,Blueberry Patch,NF,607.546.4470,NH ND VT NW NS NR L$ ,NY,Burdett
-75.68,42.522,Bowman Lake State Park,SP,607.334.2718,NH DP DW SH RS PA ,NY,Oxford
-76.265,44.163,Burnham Point State Park,SP,315.654.2324,E DP DW SH RS PA ,NY,Cape Vincent
-76.521,42.416,Buttermilk Falls State Park,SP,607.273.5761,NH DW SH RS PA ,NY,Ithaca
-78.846,42.037,Cain Hollow (Quaker Area) - Allegany State Park,SP,716.354.2182,E DP SH RS ,NY,Salamanca
-76.753,42.896,Cayuga Lake State Park,SP,315.568.5163,E DP 40ft DW SH RS PA ,NY,Seneca Falls
-76.197,44.204,Cedar Point State Park,SP,315.654.2522,WES DP DW SH RS PA ,NY,Clayton
-75.818,42.215,Chenango Valley State Park,SP,607.648.5251,E DP 50ft DW SH RS PA ,NY,Chenango Forks
-73.41,42.622,Cherry Plain State Park,SP,518.733.5400,NH RS PA ,NY,Cherry Plain
-73.831,41.461,Clarence Fahnestock State Park,SP,845.225.7207,NH DW SH RS PA ,NY,Carmel
-75.14,44.892,Coles Creek State Park,SP,315.388.5636,E RS PA ,NY,Waddington
-73.52,42.121,Copake Falls - Taconic State Park,SP,518.329.3993,NH DP DW SH RS PA ,NY,Copake Falls
-73.426,44.725,Cumberland Bay State Park,SP,518.563.5240,E DP 50ft DW SH RS PA ,NY,Plattsburg
-78.433,42.902,Darien Lakes State Park,SP,716.547.9242,E DP 40ft DW SH RS PA ,NY,Darien Center
-75.417,43.292,Delta Lake State Park,SP,315.337.4670,NH DP DW SH RS PA ,NY,Rome
-75.997,44.33,DeWolf Point State Park,SP,315.482.2012,NH RS PA ,NY,Fineview
-75.477,44.63,Eel Weir State Park,SP,315.393.1138,NH DW SH RS PA ,NY,Ogdensburg
-79.115,42.602,Evangola State Park,SP,716.549.1802,E DP DW SH RS PA ,NY,Irving
-76.689,43.343,Fair Haven Beach State Park,SP,315.947.5205,E DP RS PA ,NY,Fair Haven
-76.42,42.7,Fillmore Glen State Park,SP,315.497.0130,E DP 50ft DW SH RS PA ,NY,Moravia
-73.889,40.582,Floyd Bennett Field - Gateway National Rec Area,NP,718.354.4655,NH ND FT DW SH RS ,NY,Brooklyn
-74.059,40.605,Fort Wadsworth - Gateway National Rec Area,NP,718.354.4655,NH ND FT DW SH RS ,NY,Staten Island
-78.995,43.274,Four Mile Creek State Park,SP,716.745.3802,E RS PA ,NY,Youngstown
-75.128,42.573,Gilbert Lake State Park,SP,607.432.2114,E DP 50ft DW SH RS PA ,NY,Laurens
-74.869,42.794,Glimmerglass State Park,SP,607.547.8662,NH DP DW SH RS PA ,NY,Cooperstown
-78.483,43.374,Golden Hill State Park,SP,716.795.3885,E DP DW SH RS PA ,NY,Barker
-75.995,44.279,Grass Point State Park,SP,315.686.4472,E DP 40ft DW SH RS PA ,NY,Alexandria Bay
-76.005,43.056,Green Lakes State Park,SP,315.637.6111,E DP 50ft DW SH RS PA ,NY,Fayetteville
-77.946,43.36,Hamlin Beach State Park,SP,716.964.2462,E DP DW SH RS PA ,NY,Hamlin
-74.922,44.496,Higley Flow State Park,SP,315.262.2880,E DP DW SH RS PA ,NY,Colton
-72.016,41.008,Hither Hills State Park,SP,631.668.2554,NH DP DW SH RS ,NY,Montauk
-75.373,42.595,Hunts Pond,SP,607.674.4017,NH ND NS NR ,NY,New Berlin
-75.677,44.559,Jacques Cartier State Park,SP,315.375.6371,E DP DW SH RS PA ,NY,Morristown
-75.93,44.324,Keewaydin State Park,SP,315.482.3331,NH DW SH RS PA ,NY,Alexandria Bay
-77.13,42.583,Keuka Lake State Park,SP,315.536.3666,E DP DW SH RS PA ,NY,Bluff Point
-75.855,44.377,Kring Point State Park,SP,315.482.2444,E DP DW SH RS PA ,NY,Redwood
-79.429,42.421,Lake Erie State Park,SP,716.792.9214,E DP 50ft DW SH RS PA ,NY,Brocton
-73.708,42.094,Lake Taghkanic State Park,SP,518.851.3631,NH DP RS PA ,NY,Ancram
-78.244,43.366,Lakeside Beach State Park,SP,585.682.4888,E DP DW SH RS PA ,NY,Waterport
-78.045,42.584,Letchworth State Park,SP,585.493.3600,E DP DW SH RS PA ,NY,Castile
-76.221,44.026,Long Point State Park,SP,315.649.5258,E DP DW SH RS PA ,NY,Three Mile Bay
-73.616,44.616,Macomb Reservation State Park,SP,518.643.9952,E DP DW SH RS PA ,NY,Schuyler Falls
-73.932,41.84,Margaret Norrie State Park,SP,845.889.4646,NH 40ft RS PA ,NY,Staatsburg
-74.411,42.547,Max V Shaul State Park,SP,518.827.4711,NH DW SH RS PA ,NY,Fultonham
-73.707,43.227,Moreau Lake State Park,SP,518.793.0511,NH DP 40ft DW SH RS PA ,NY,Gansevoort
-76.734,42.044,Newtown Battlefield State Park,SP,607. 732.6067,E DP 40ft DW SH RS ,NY,Elmira
-75.418,42.181,Oquaga Creek State Park,SP,607.467.4160,NH DP DW SH RS PA ,NY,Bainbridge
-75.344,43.403,Pixley Falls State Park,SP,315.942.4713,NH NR ,NY,Boonville
-78.747,42.097,Red House - Allegany State Park,SP,716.354.9121,E DP SH RS ,NY,Salamanca
-76.546,42.398,Robert H. Treman State Park,SP,607.273.3440,E DP 45ft SH RS PA ,NY,Ithaca
-74.87,44.986,Robert Moses State Park,SP,315.769.8663,E DP DW SH RS PA ,NY,Massena
-73.508,41.983,Rudd Pond - Taconic State Park,SP,518.789.3059,NH ND DW SH RS PA ,NY,Millerton
-76.902,42.724,Sampson State Park,SP,315.585.6392,E DP DW SH RS PA ,NY,Romulus
-76.204,43.557,Selkirk Shores State Park,SP,315.298.5737,E DP DW SH RS PA ,NY,Pulaski
-76.196,43.765,Southwick Beach State Park,SP,315.846.5338,E DP 50ft DW SH RS PA ,NY,Henderson
-77.697,42.526,Stony Brook State Park,SP,585.335.8111,NH DP 30ft DW SH RS PA ,NY,Dansville
-76.607,42.54,Taughannock Falls State Park,SP,607.387.6739,E DP SH RS PA ,NY,Trumansburg
-74.046,42.653,Thompsons Lake State Park,SP,518.872.1674,NH DP 40ft DW SH RS PA ,NY,East Berne
-75.725,43.178,Verona Beach State Park,SP,315.762.4463,NH DP DW SH RS PA ,NY,Verona Beach
-76.881,42.37,Watkins Glen State Park,SP,607.535.4511,E DP DW SH RS PA ,NY,Watkins Glen
-76.019,44.316,Wellesley Island State Park,SP,315.482.2722,WES DP 40ft DW SH RS PA ,NY,Fineview
-76.114,43.897,Westcott Beach State Park,SP,315.646.2239,E DP DW SH RS PA ,NY,Henderson
-75.462,43.702,Whetstone Gulf State Park,SP,315.376.6630,E DP DW SH RS PA ,NY,Lowville
-72.805,40.963,Wildwood State Park,SP,631.929.4314,WES DP DW SH RS ,NY,Wading River
-77.652,41.036,Bald Eagle State Park (Letterman Campground),SP,654.655.2725,E DP 40ft SH RS PA ,PA,Howard
-79.112,41.525,Beaver Meadows Rec Area,NF,814.927.6628/814.723.5150,NH ND NS RS L$ ,PA,Marienville
-78.059,40.915,Black Moshannon State Park,SP,654.242.5665,E DP 40ft DW SH RS PA ,PA,Philipsburg
-78.579,40.295,Blue Knob State Park,SP,854.279.3578,E DP 40ft DW SH RS PA ,PA,Imler
-79.257,41.839,Buckaloons Rec Area,NF,814.362.4613/814.723.5150,E DP DW SH RS ,PA,Warren
-77.477,39.908,Caledonia State Park,SP,717.352.2161,E DP 40ft SH RS PA ,PA,Fayetteville
-78.287,40.481,Canoe Creek State Park,SP,814.695.6807,NR NP ,PA,Hollidaysburg
-79.178,41.746,Chapman State Park,SP,654.722.500,E DP FT DW SH RS PA ,PA,Clarendon
-77.821,41.663,Cherry Springs State Park,SP,654.425.5050,NH DP NR NP ,PA,Coudersport
-79.077,41.322,Clear Creek State Park,SP,654.752.2265,E DP 40ft DW SH RS NP ,PA,Sigel
-76.908,39.783,Codorus State Park,SP,717.657.2656,E DP DW SH RS PA ,PA,Hanover
-77.413,40.283,Colonel Denning State Park,SP,717.776.5272,E DP NS RS PA ,PA,Newville
-77.466,41.701,Colton Point State Park,SP,570.724.2561,NH DP NR NP ,PA,Wellsboro
-79.22,41.365,Cook Forest State Park,SP,614.744.6407,E DP DW SH RS PA ,PA,Cooksburg
-77.921,39.999,Cowans Gap State Park,SP,717.485.3948,E DP 40ft SH RS PA ,PA,Fort Loudon
-78.959,41.832,Dewdrop Rec Area,NF,814.362.4613/814.723.5150,NH DP DW SH RS ,PA,Warren
-74.873,41.211,Dingmans - Delaware Water Gap National Rec Area,NP,570.828.1551,E NR ,PA,Dingman's Ferr
-77.58,40.273,Fowlers Hollow State Park,SP,717.776.5272,NH DP NS RS PA ,PA,Newville
-75.895,41.347,Frances Slocum State Park,SP,570.858.2525,E DP DW SH RS PA ,PA,Wyoming
-75.797,40.196,French Creek State Park,SP,650.562.5650,E DP 40ft DW SH RS PA ,PA,Elverson
-76.91,40.054,Gifford Pinchot State Park,SP,717.432.5011,E DP 45ft DW SH RS PA ,PA,Lewisberry
-77.762,40.646,Greenwood Furnace State Park,SP,814.667.1800,E DP DW SH RS PA ,PA,Huntingdon
-79.259,41.69,Hearts Content Rec Area,NF,814.362.4613/814.723.5150,NH DP RS ,PA,Warren
-75.696,41.026,Hickory Run State Park,SP,570.444.405,E DP 40ft DW SH RS PA ,PA,White Haven
-77.186,41.806,Hills Creek State Park,SP,570.724.4246,E DP DW SH RS PA ,PA,Wellsboro
-77.629,41.358,Hyner Run State Park,SP,570.923.6000,NH DP DW SH RS NP ,PA,North Bend
-80.507,41.518,Jamestown - Pymatuning State Park,SP,724.932.3142,E DP 30ft DW SH RS PA ,PA,Jamestown
-79.494,39.885,Kentuck - Ohiopyle State Park,SP,724.325.9555,E DP DW SH RS NP ,PA,Ohiopyle
-77.931,41.377,Kettle Creek State Park,SP,570.522.6054,E DP RS PA ,PA,Renovo
-79.383,40.372,Keystone State Park,SP,724.965.2505,E DP DW SH RS PA ,PA,Derry
-78.904,41.785,Kiasutha Rec Area,NF,814.362.4613/814.723.5150,WES DP DW SH RS ,PA,Kane
-79.23,40.06,Kooser State Park,SP,814.445.8673,E DP RS PA ,PA,Somerset
-75.708,41.565,Lackawanna State Park,SP,570.645.2225,E DP 40ft DW SH RS PA ,PA,Dalton
-79.218,40.009,Laurel Hill State Park,SP,954.445.7725,E DP 40ft DW SH RS PA ,PA,Somerset
-77.45,41.698,Leonard Harrison State Park,SP,570.724.2005,E DP RS NP ,PA,Wellsboro
-80.462,41.657,Linesville - Pymatuning State Park,SP,724.932.3142,E DP 30ft DW SH RS NP ,PA,Jamestown
-77.19,40.454,Little Buffalo State Park,SP,717.567.9255,WE DP FT DW SH RS PA ,PA,Newport
-77.354,41.353,Little Pine State Park,SP,570.752.6050,E DP DW SH RS PA ,PA,Waterville
-76.12,40.785,Locust Lake State Park,SP,570.487.2404,E DP 40ft DW SH RS PA ,PA,Barnesville
-79.082,41.4,Loleta Rec Area,NF,814.927.6628/814.723.5150,E DW SH RS ,PA,Marienville
-77.778,41.723,Lyman Run State Park,SP,814.435.5010,E DP FT DW SH RS PA ,PA,Galeton
-79.154,41.621,Minister Creek  and Trailhead,NF,814.362.4613/814.723.5150,NH ND NS NR ,PA,Sheffield
-77.715,41.536,Ole Bull State Park,SP,654.425.5050,E DP DW SH RS NP ,PA,Cross Fork
-78.509,41.202,Parker Dam State Park,SP,814.765.0630,E DP FT DW SH RS PA ,PA,Penfield
-77.891,41.697,Patterson State Park,SP,654.425.2450,NH ND NS NR NP ,PA,Galeton
-77.701,40.728,Penn Roosevelt State Park,SP,814.667.1800,NH ND VT DW NS NR PA ,PA,Huntingdon
-77.276,40.036,Pine Grove Furnace State Park,SP,717. 486.7174,E DP RS PA ,PA,Gardners
-77.419,40.833,Poe Paddy State Park,SP,717.667.3622,NH ND NS RS PA ,PA,Milroy
-77.468,40.822,Poe Valley State Park,SP,854.349.2400,E DP DW SH RS PA ,PA,Milroy
-78.559,40.674,Prince Gallitzin State Park,SP,814.674.1007,E DP DW SH RS PA ,PA,Patton
-75.21,41.32,Promised Land State Park,SP,570.676.2426,45ft RS PA ,PA,Greentown
-80.428,40.507,Raccoon Creek State Park,SP,724.896.5003,E DP DW SH RS PA ,PA,Hookstown
-77.243,41.11,Ravensburg State Park,SP,570.966.1455,NH ND DW SH NR PA ,PA,Mifflinburg
-77.192,40.992,RB Winter State Park,SP,970.590.5495,RS PA ,PA,Mifflinburg
-78.888,41.778,Red Bridge Rec Area,NF,814.362.4613/814.723.5150,WES DP DW SH RS ,PA,Kane
-78.793,41.49,Red Mill,NF,814.927.6628/814.723.5150,NH ND NS NR ,PA,Ridgway
-77.476,40.723,Reeds Gap State Park,SP,717.667.3622,NH ND DW SH RS PA ,PA,Milroy
-76.296,41.336,Ricketts Glen State Park,SP,570.477.5675,NH DP DW SH RS PA ,PA,Benton
-80.44,39.889,Ryerson Station State Park,SP,724.429.4254,E DP NS RS PA ,PA,Wind Ridge
-78.531,41.108,S.B. Elliott State Park,SP,654.765.520,NH DP NS NR NP ,PA,Penfield
-75.871,41.91,Salt Springs State Park,SP,570.945.3239,NH ND VT DW NS NR NP ,PA,Dalton
-78.624,40.051,Shawnee State Park,SP,854.733.4258,E DP 40ft DW SH RS PA ,PA,Schellsburg
-78.031,41.42,Sinnemahoning State Park,SP,614.647.6401,E DP DW SH RS PA ,PA,Austin
-78.181,41.596,Sizerville State Park,SP,814.486.5605,E DP DW SH RS NP ,PA,Emporium
-75.397,41.207,Tobyhanna State Park,SP,570.894.8336,NH DP 45ft DW SH RS PA ,PA,Tobyhanna
-78.876,41.943,Tracy Ridge Rec Area,NF,814.362.4613/814.723.5150,NH DP NS RS L$ ,PA,Bradford
-78.129,40.311,Trough Creek State Park,SP,814.858.3947,E DP NS RS PA ,PA,James Creek
-80.491,41.641,Tuttle - Pymatuning State Park,SP,724.932.3142,E DP 30ft DW SH RS NP ,PA,Jamestown
-78.756,41.614,Twin Lakes Rec Area,NF,814.927.6628/814.723.5150,E DP DW SH RS ,PA,Wilcox
-78.918,41.989,Willow Bay Rec Area,NF,814.362.4613/814.723.5150,E DP DW SH RS ,PA,Bradford
-76.57,41.47,Worlds End State Park,SP,570.244.2257,E DP DW SH RS PA ,PA,Forksville
-71.7,41.37,Burlingame State Park,SP,401.322.7994,NH DP SH RS PA ,RI,Charlestown
-71.637,41.358,Charlestown Breachway State Park,SP,401.322.8910,NH RS ,RI,Charlestown
-71.692,41.343,East Beach - Ninigret State Conservation Area,SP,401. 322.0450,NH VT RS ,RI,Charlestown
-71.488,41.38,Fishermens Memorial State Park,SP,401.789.8374,WES DW SH RS PA ,RI,Narragansett
-71.755,41.92,George Washington State Area,SP,401.568.2013,NH RS PA ,RI,Chepachet
-82.528,36.868,Bark Camp,NF,276.328.2931/540.265.5100,E DP SH NR ,VA,Coeburn
-78.274,37.533,Bear Creek Lake State Park,SP,804.492.3606,E DP DW SH RS PA ,VA,Cumberland
-81.682,36.667,Beartree,NF,276.783.5196/540.265.5100,NH DP DW SH RS PA ,VA,Damascus
-76.581,37.776,Belle Isle State Park,SP,804.462.5030,E DP FT DW SH RS PA ,VA,Lancaster
-78.439,38.527,Big Meadows - Shenandoah National Park,NP,540.999.3231,NH DP DW SH RS PA ,VA,Stanley
-79.884,38.069,Blowing Springs,NF,540.839.2521/540.265.5100,NH DP DW NR L$ ,VA,Covington
-79.974,37.985,Bolar Mountain,NF,540.839.2521/540.265.5100,E DP DW SH RS ,VA,Covington
-82.295,37.29,Breaks InterState Park,SP,540.865.4413,E RS ,VA,Haysi
-78.518,38.731,Camp Roosevelt,NF,540.839.2521/540.265.5100,NH DP NR L$ ,VA,Luray
-82.679,37.102,Cane Patch,NF,276.328.2931/540.265.5100,E DP DW SH NR ,VA,Pound
-79.534,37.574,Cave Mountain Lake,NF,540.291.2188/540.265.5100,NH DP DW SH RS PA ,VA,Natural Bridge Station
-82.922,36.802,Cave Springs,NF,276.328.2931/540.265.5100,E DP SH NR ,VA,Dryden
-76.748,37.14,Chippokes Plantation State Park,SP,757.294.3182,E DP DW SH RS PA ,VA,Surry
-80.624,37.062,Claytor Lake State Park,SP,540.643.2500,E DP 35ft DW SH RS PA ,VA,Dublin
-81.225,36.763,Comers Rock,NF,276.783.5196/540.265.5100,NH NR L$ ,VA,Speedwell
-79.802,37.897,Douthat State Park,SP,540.862.8100,E DP DW SH RS PA ,VA,Millboro
-78.331,38.925,Elizabeth Furnace,NF,540.984.4101/540.265.5100,NH DP FT DW SH NR ,VA,Front Royal
-80.108,36.798,Fairy Stone State Park,SP,540.930.2424,E DP DW SH RS PA ,VA,Stuart
-76.052,36.918,First Landing State Park,SP,757.412.2300,E DP 45ft DW SH RS PA ,VA,Virginia Beach
-81.485,36.639,Grayson Highlands State Park,SP,540.579.7092,E DP DW SH RS PA ,VA,Mouth Of Wilson
-81.542,36.688,Grindstone,NF,276.783.5196/540.265.5100,E DP SH RS PA ,VA,Troutdale
-79.822,38.099,Hidden Valley,NF,540.839.2521/540.265.5100,NH DP NR L$ ,VA,Warm Springs
-82.622,36.89,High Knob,NF,276.328.2931/540.265.5100,NH DP DW SH NR L$ ,VA,Norton
-78.639,37.396,Holliday Lake State Park,SP,434.248.6308,E DP DW SH RS PA ,VA,Appomattox
-79.135,38.46,Hone Quarry,NF,/540.265.5100,NH DP NS NR L$ ,VA,Harrisonburg
-81.525,36.871,Hungry Mother State Park,SP,540.781.7400,WES DP 35ft DW SH RS PA ,VA,Marion
-81.491,36.723,Hurricane,NF,276.783.5196/540.265.5100,NH DW SH NR ,VA,Sugar Grove
-78.798,37.624,James River State Park,SP,434.933.4355,WE DP FT DW SH RS PA ,VA,Wingina
-75.975,37.174,Kiptopeke State Park,SP,757.331.2267,WES DP DW SH RS PA ,VA,Cape Charles
-77.824,38.115,Lake Anna State Park,SP,540.854.5503,WE DP DW SH RS PA ,VA,Spotsylvania
-78.477,38.436,Lewis Mountain - Shenandoah National Park,NP,540.999.3273,NH DW SH NR ,VA,Stanardsville
-78.444,38.867,Little Fort OHV,NF,540.984.4101/540.265.5100,NH ND VT NS NR N$ ,VA,Fort Valley
-78.669,38.246,Loft Mountain - Shenandoah National Park,NP,434.823.4675,NH DP DW SH RS PA ,VA,Crozet
-78.294,38.751,Mathews Arm - Shenandoah National Park,NP,540.999.3132,NH RS PA ,VA,Rileyville
-79.922,38.013,Mcclintic Point,NF,540.839.2521/540.265.5100,NH ND NS RS L$ ,VA,Warm Springs
-79.97,37.934,Morris Hill,NF,540.962.2214/540.265.5100,NH DP DW SH RS PA ,VA,Hot Springs
-82.735,36.702,Natural Tunnel State Park,SP,540.940.2674,E DP DW SH RS PA ,VA,Duffield
-79.586,37.542,North Creek,NF,540.291.2188/540.265.5100,NH ND VT DW NS NR L$ ,VA,
-79.207,38.339,North River,NF,/540.265.5100,NH ND NS NR L$ ,VA,Staunton
-77.417,38.6,Oak Ridge - Prince William Forest Park,NP,703.221.7181,NH 32ft NR ,VA,Manassas
-78.53,36.628,Occoneechee State Park,SP,804.374.2210,E DP DW SH RS PA ,VA,Clarksville
-79.265,37.748,Oronoco,NF,540.291.2188/540.265.5100,NH ND VT NW NS NR N$ ,VA,Oronoco
-79.339,37.574,Otter Creek - Blue Ridge Parkway,NP,828.298.0398,NH DP 30ft NR ,VA,Monroe
-79.602,37.442,Peaks of Otter - Blue Ridge Parkway,NP,540.586.7321,NH DP RS PA ,VA,Bedford
-77.572,37.366,Pocahontas State Park,SP,804.796.4255,E DP 45ft DW SH RS PA ,VA,Chesterfield
-77.352,38.603,Prince William Forest RV Campground,NP,703.221.2474,WES DP FT DW SH RS ,VA,Dumfries
-81.426,36.746,Raccoon Branch,NF,276.783.5196/540.265.5100,E DP RS PA ,VA,Sugar Grove
-81.07,36.836,Raven Cliff,NF,276.783.5196/540.265.5100,NH ND NS NR L$ ,VA,Cripple Creek
-79.952,37.226,Roanoke Mountain - Blue Ridge Parkway,NP,828.298.0398,NH NR ,VA,Roanoke
-80.345,36.833,Rocky Knob - Blue Ridge Parkway,NP,828.298.0398,NH 30ft NR ,VA,Floyd
-78.307,38.855,Shenandoah River - Guest State Park,SP,540.622.6840,WE 60ft FT DW SH RS PA ,VA,Front Royal
-79.01,37.92,Sherando Lake - Family Campground,NF,540.839.2521/540.265.5100,E DP DW SH RS PA ,VA,Lyndhurst
-79.595,37.09,Smith Mountain Lake,SP,540.291.2188,E DP DW SH RS PA ,VA,Huddleston
-78.668,36.699,Staunton River State Park,SP,804.572.4623,E DP DW SH RS PA ,VA,Scottsburg
-80.219,37.601,Steel Bridge,NF,540.864.5195/540.265.5100,NH NR ,VA,
-81.181,37.01,Stony Fork,NF,276.783.5196/540.265.5100,E DP 45ft DW SH NR PA ,VA,Wytheville
-80.077,37.605,The Pines,NF,540.864.5195/540.265.5100,NH ND NS NR N$ ,VA,New Castle
-79.211,38.366,Todd Lake,NF,/540.265.5100,NH DP DW SH NR ,VA,West Augusta
-78.272,37.206,Twin Lakes State Park,SP,804.392.3435,E DP DW SH RS PA ,VA,Burkeville
-80.886,37.198,Walnut Flats,NF,540.552.4641/540.265.5100,NH ND NS NR N$ ,VA,Holly Brook
-76.868,38.165,Westmoreland State Park,SP,804.493.8821,E DP DW SH RS PA ,VA,Montross
-80.492,37.43,White Rocks,NF,540.552.4641/540.265.5100,NH DP NS NR L$ ,VA,Simmonsville
-83.631,36.602,Wilderness Road - Cumberland Gap National Park,NP,606.248.2817,E DP FT DW SH NR L$ ,VA,Ewing
-72.632,44.052,Allis State Park,SP,802.276.3175,NH DP DW NS NR ,VT,Randolph
-72.269,44.288,Big Deer State Park,SP,802.584.3822,NH DP SH RS ,VT,Groton
-73.231,43.659,Bomoseen State Park,SP,802.265.4242,NH DP SH RS ,VT,Fair Haven
-73.072,43.906,Branbury State Park,SP,802.247.5925,NH DP SH RS ,VT,Salisbury
-71.857,44.796,Brighton State Park,SP,802.723.4360,NH DP SH RS ,VT,Island Pond
-73.205,44.772,Burton Island,SP,802.524.6353,NH DP DW SH RS ,VT,St Albans Bay
-73.358,44.181,Button Bay State Park,SP,802.475.2377,NH DP FT DW SH RS ,VT,Vergennes
-72.699,43.551,Calvin Coolidge State Park,SP,802.672.3612,NH DP SH RS ,VT,Plymouth
-72.873,44.958,Carmi State Park,SP,802.933.8383,NH DP SH RS ,VT,Enosburg Falls
-72.911,43.825,Chittenden Brook,NF,802.767.4261/802.747.6700,NH NR ,VT,Rochester
-73.411,44.055,DAR State Park,SP,802.759.2354,NH DP FT DW SH RS ,VT,Addison
-72.54,44.536,Elmore State Park,SP,802.888.2982,NH DP SH RS ,VT,Lake Elmore
-73.009,43.278,Emerald Lake State Park,SP,802.362.1655,NH DP SH RS ,VT,East Dorset
-72.567,42.824,Fort Dummer State Park,SP,802.254.2610,NH DP 40ft SH RS ,VT,Brattleboro
-72.81,43.674,Gifford Woods State Park,SP,802.775.5354,NH DP SH RS ,VT,Killington
-73.295,44.688,Grand Isle State Park,SP,802.372.4300,NH DP 40ft SH RS ,VT,Grand Isle
-72.821,43.351,Greendale,NF,802.362.2307/802.747.6700,NH NR ,VT,Weston
-72.952,43.046,Grout Pond,NF,802.362.2307/802.747.6700,NH ND VT DW NS NR L$ ,VT,Stratton
-73.217,43.692,Half Moon Pond State Park,SP,802.273.2848,NH DP SH RS ,VT,Hubbardton
-72.892,43.253,Hapgood Pond,NF,802.362.2307/802.747.6700,NH DW SH RS ,VT,Manchester
-72.765,43.112,Jamaica State Park,SP,802.874.4600,NH DP SH RS ,VT,Jamaica
-72.768,44.39,Little River State Park,SP,802.244.7103,NH DP 40ft SH RS ,VT,Waterbury
-71.646,44.636,Maidstone State Park,SP,802.676.3930,NH DP SH RS ,VT,Guildhall
-72.813,42.851,Molly Stark State Park,SP,802.464.5460,NH DP SH RS ,VT,Wilmington
-73.027,43.919,Moosalamoo,NF,802.388.4362/802.747.6700,NH ND NS NR L$ ,VT,Ripton
-72.406,43.438,Mt. Ascutney State Park,SP,802.674.2060,NH DP 30ft SH RS ,VT,Windsor
-73.221,44.277,Mt. Philo State Park,SP,802.425.2390,NH FT SH RS ,VT,Charlotte
-72.289,44.32,New Discovery State Park,SP,802.426.3042,NH SH RS ,VT,Marshfield
-72.401,43.637,Quechee State Park,SP,802.295.2990,NH DP 40ft SH RS ,VT,White River Jct
-73.019,42.899,Red Mill Brook,NF,802.362.2307/802.747.6700,NH NR ,VT,Bennington
-72.254,44.246,Ricker Pond State Park,SP,802.584.3821,NH DP 40ft SH RS ,VT,Groton
-72.614,43.733,Silver Lake State Park,SP,802.234.9451,NH DP SH RS ,VT,Bethel
-72.788,44.559,Smugglers Notch State Park,SP,802.253.4014,NH DP DW SH RS ,VT,Stowe
-73.205,43.48,St. Catherine State Park,SP,802.287.9158,NH DP SH RS ,VT,Poultney
-72.273,44.28,Stillwater State Park,SP,802.584.3822,NH DP SH RS ,VT,Groton
-72.691,43.041,Townshend State Park,SP,802.365.7500,NH DW SH RS ,VT,Townsend
-72.839,44.53,Underhill State Park,SP,802.899.3022,NH ND FT NS RS ,VT,Underhill Center
-72.408,43.391,Wilgus State Park,SP,802.674.5422,NH DP SH RS ,VT,Ascutney
-73.039,42.89,Woodford State Park,SP,802.447.7169,NH DP SH RS ,VT,Bennington
-81.071,37.855,Army Camp - New River National Scenic River,NP,304.465.0508,NH ND VT NW NS NR ,WV,Layland
-80.065,39.04,Audra State Park,SP,304.457.1162,NH DP SH NR ,WV,Belington
-80.949,38.005,Babcock State Park,SP,304.438.3004,E DP DW SH RS ,WV,Danese
-79.679,38.93,Bear Heaven,NF,304.478.3251/304.636.1800,NH ND NS NR L$ ,WV,Elkins
-80.094,38.101,Beaver Creek - Watoga State Park,SP,304.799.4087,E DW SH RS ,WV,White Sulphur Springs
-82.345,38.308,Beech Fork State Park,SP,304.522.0303,E DP 40ft DW SH RS ,WV,Barboursville
-79.238,38.89,Big Bend,NF,304.478.3251/304.636.1800,NH DP SH RS ,WV,Cabins
-80.524,38.296,Big Rock,NF,304.846.2695/304.636.1800,NH ND NS NR L$ ,WV,Richwood
-79.853,38.27,Bird Run,NF,304.799.4334/304.636.1800,NR ,WV,Dunmore
-80.49,38.338,Bishop Knob,NF,304.846.2695/304.636.1800,NH ND NS NR L$ ,WV,Cowen
-79.495,39.112,Blackwater Falls State Park,SP,304.259.5216,E DP DW SH RS ,WV,Davis
-80.269,37.92,Blue Bend,NF,304.799.4334/304.636.1800,NH DW SH NR L$ ,WV,White Sulphur Springs
-81.129,37.516,Blue Jay - Camp Creek State Park,SP,304.425.9481,NH PT DW RS ,WV,Camp Creek
-80.25,37.925,Blue Meadow,NF, ,NH FT DW NR NP ,WV,White Sulphur Springs
-80.936,37.618,Bluestone State Park,SP,304.466.2805,E DP DW SH RS ,WV,White Oak
-79.2,38.595,Brandywine,NF,/540.265.5100,NH DP DW SH NR ,WV,Brandywine
-79.108,38.747,Camp Run,NF,/540.265.5100,NH ND NS NR N$ ,WV,Milam
-79.462,39.027,Canaan Valley Resort State Park,SP,304.866.4121,E DP DW SH RS ,WV,Davis
-80.862,38.882,Cedar Creek State Park,SP,304.462.7158,E DP DW SH RS ,WV,Cedarville
-82.008,37.894,Chief Logan State Park,SP,304.792.7125,E DP DW SH RS ,WV,Logan
-80.442,38.325,Cranberry,NF,304.846.2695/304.636.1800,NH ND NS NR L$ ,WV,Dyer
-80.215,38.288,Day Run,NF,304.799.4334/304.636.1800,NH ND NS NR L$ ,WV,Marlinton
-81.072,37.853,Grandview/Glade - New River National Scenic River,NP,304.465.0508,NH ND VT NW NS NR ,WV,Beaver
-78.499,39.116,Hawk,NF,540.984.4101/540.265.5100,NH ND NS NR N$ ,WV,Intermont
-80.366,38.667,Holly River State Park,SP,304.493.6353,E DP DW SH RS ,WV,Hacker Valley
-79.602,39.18,Horseshoe,NF,304.478.3251/304.636.1800,E ND NS RS ,WV,Parsons
-79.705,38.579,Island,NF,304.456.3335/304.636.1800,NH ND NS NR N$ ,WV,Bartow
-79.692,38.74,Laurel Fork,NF,304.456.3335/304.636.1800,NH ND NS NR L$ ,WV,Glady
-81.134,37.505,Mash Fork - Camp Creek State Park,SP,304.425.9481,WE 40ft DW SH RS ,WV,Camp Creek
-80.005,38.012,Meadow Creek  - Lake Sherwood,NF,304.799.4334/304.636.1800,NH DP DW SH NR ,WV,Eastern
-80.355,37.618,Moncove Lake State Park,SP,304.772.3450,E DP DW SH NR ,WV,Gap Mills
-81.11,39.223,North Bend State Park,SP,304.643.2391,WE SH RS ,WV,
-80.007,38.009,Pine Run  - Lake Sherwood,NF,304.799.4334/304.636.1800,NH ND DW SH NR ,WV,Eastern
-80.995,37.533,Pipestem Resort State Park,SP,304.466.1800,E DP DW SH RS ,WV,Lerona
-79.968,38.102,Pocahontas,NF,304.799.4334/304.636.1800,NH ND NS NR L$ ,WV,Marlinton
-79.316,39.032,Red Creek,NF,304.478.3251/304.636.1800,NH ND NS NR L$ ,WV,Davis
-80.182,38.113,Riverside - Watoga State Park,SP,304.799.4087,E DW SH RS ,WV,Marlinton
-79.386,38.827,Seneca Shadows,NF,304.478.3251/304.636.1800,E DP DW SH RS PA ,WV,Seneca Rocks
-79.588,38.707,Spruce Knob Lake,NF,304.478.3251/304.636.1800,NH ND NS RS ,WV,Whitmer
-81.065,37.937,Stone Cliff - New River National Scenic River,NP,304.465.0508,NH ND VT NW NS NR ,WV,Oak Hill
-80.498,38.942,Stonewall Jackson State Park,SP,304.269.0523,E DP 40ft DW SH RS ,WV,Walkersville
-79.774,38.917,Stuart,NF,304.478.3251/304.636.1800,E DW SH RS ,WV,Elkins
-80.445,38.249,Summit Lake,NF,304.846.2695/304.636.1800,NH ND NS NR L$ ,WV,Richwood
-80.231,38.342,Tea Creek,NF,304.799.4334/304.636.1800,NH ND NS NR L$ ,WV,Marlinton
-80.578,40.542,Tomlinson Run State Park,SP,304.564.3651,E DW SH RS ,WV,New Cumberland
-78.734,38.953,Trout Pond,NF,540.984.4101/540.265.5100,E DP DW SH RS ,WV,Lost City
-81.428,37.622,Twin Falls Resort State Park,SP,304.294.4000,E DP DW SH RS ,WV,Mullens
-79.994,39.308,Tygart Lake State Park,SP,304.265.6148,E DP 40ft DW SH RS ,WV,Grafton
-80.975,37.846,War Ridge - New River National Scenic River,NP,304.465.0508,NH ND VT NW NS NR ,WV,Meadow Bridge
-80.012,38.007,West Shore - Lake Sherwood,NF,304.799.4334/304.636.1800,NH DW SH RS ,WV,Eastern
-78.689,38.925,Wolf Gap,NF,540.984.4101/540.265.5100,NH DP NR N$ ,WV,Wardensville
